{ "vertices": [ { "x": 0.3333333333333333, "y": 0.25 }, { "x": 0.6666666666666666, "y": 0.25 }, { "x": 0.3333333333333333, "y": 0.6666666666666667 }, { "x": 0.6666666666666666, "y": 0.6666666666666667 } ], "edges": [ [ 0, 1, 1, 0 ], [ 1, 0, 0, 1 ], [ 1, 0, 0, 1 ], [ 0, 1, 1, 0 ] ] }